zip,market,tier
37011,Nashville,core
37013,Nashville,core
37066,Nashville,core
37070,Nashville,core
37071,Nashville,core
37072,Nashville,core
37075,Nashville,core
37076,Nashville,core
37077,Nashville,core
37086,Nashville,core
37087,Nashville,core
37088,Nashville,core
37089,Nashville,core
37090,Nashville,core
37115,Nashville,core
37116,Nashville,core
37122,Nashville,core
37129,Nashville,core
37138,Nashville,core
37152,Nashville,core
37167,Nashville,core
37201,Nashville,core
37203,Nashville,core
37204,Nashville,core
37205,Nashville,core
37206,Nashville,core
37207,Nashville,core
37208,Nashville,core
37209,Nashville,core
37210,Nashville,core
37211,Nashville,core
37212,Nashville,core
37213,Nashville,core
37214,Nashville,core
37216,Nashville,core
37217,Nashville,core
37218,Nashville,core
37219,Nashville,core
37220,Nashville,core
37222,Nashville,core
37224,Nashville,core
37227,Nashville,core
37228,Nashville,core
37229,Nashville,core
37230,Nashville,core
37232,Nashville,core
37234,Nashville,core
37235,Nashville,core
37236,Nashville,core
37238,Nashville,core
37240,Nashville,core
37241,Nashville,core
37242,Nashville,core
37243,Nashville,core
37244,Nashville,core
37246,Nashville,core
37250,Nashville,core
37189,Nashville,core
37014,Nashville,adj
37015,Nashville,adj
37022,Nashville,adj
37024,Nashville,adj
37027,Nashville,adj
37030,Nashville,adj
37031,Nashville,adj
37046,Nashville,adj
37048,Nashville,adj
37057,Nashville,adj
37064,Nashville,adj
37067,Nashville,adj
37069,Nashville,adj
37073,Nashville,adj
37074,Nashville,adj
37080,Nashville,adj
37082,Nashville,adj
37085,Nashville,adj
37118,Nashville,adj
37121,Nashville,adj
37127,Nashville,adj
37128,Nashville,adj
37130,Nashville,adj
37131,Nashville,adj
37132,Nashville,adj
37133,Nashville,adj
37135,Nashville,adj
37136,Nashville,adj
37143,Nashville,adj
37148,Nashville,adj
37151,Nashville,adj
37153,Nashville,adj
37172,Nashville,adj
37184,Nashville,adj
37187,Nashville,adj
37188,Nashville,adj
37202,Nashville,adj
37221,Nashville,adj
38563,Nashville,adj
30002,Atlanta,core
30006,Atlanta,core
30008,Atlanta,core
30030,Atlanta,core
30031,Atlanta,core
30032,Atlanta,core
30033,Atlanta,core
30034,Atlanta,core
30036,Atlanta,core
30037,Atlanta,core
30060,Atlanta,core
30061,Atlanta,core
30063,Atlanta,core
30064,Atlanta,core
30069,Atlanta,core
30079,Atlanta,core
30080,Atlanta,core
30081,Atlanta,core
30082,Atlanta,core
30090,Atlanta,core
30106,Atlanta,core
30111,Atlanta,core
30122,Atlanta,core
30126,Atlanta,core
30127,Atlanta,core
30168,Atlanta,core
30213,Atlanta,core
30236,Atlanta,core
30237,Atlanta,core
30260,Atlanta,core
30272,Atlanta,core
30274,Atlanta,core
30287,Atlanta,core
30288,Atlanta,core
30291,Atlanta,core
30294,Atlanta,core
30296,Atlanta,core
30297,Atlanta,core
30298,Atlanta,core
30301,Atlanta,core
30302,Atlanta,core
30303,Atlanta,core
30304,Atlanta,core
30305,Atlanta,core
30306,Atlanta,core
30307,Atlanta,core
30308,Atlanta,core
30309,Atlanta,core
30310,Atlanta,core
30311,Atlanta,core
30312,Atlanta,core
30313,Atlanta,core
30314,Atlanta,core
30315,Atlanta,core
30316,Atlanta,core
30317,Atlanta,core
30318,Atlanta,core
30319,Atlanta,core
30320,Atlanta,core
30321,Atlanta,core
30322,Atlanta,core
30324,Atlanta,core
30325,Atlanta,core
30326,Atlanta,core
30327,Atlanta,core
30328,Atlanta,core
30329,Atlanta,core
30331,Atlanta,core
30332,Atlanta,core
30333,Atlanta,core
30334,Atlanta,core
30336,Atlanta,core
30337,Atlanta,core
30338,Atlanta,core
30339,Atlanta,core
30341,Atlanta,core
30342,Atlanta,core
30343,Atlanta,core
30344,Atlanta,core
30345,Atlanta,core
30346,Atlanta,core
30348,Atlanta,core
30349,Atlanta,core
30353,Atlanta,core
30354,Atlanta,core
30355,Atlanta,core
30356,Atlanta,core
30357,Atlanta,core
30358,Atlanta,core
30359,Atlanta,core
30361,Atlanta,core
30363,Atlanta,core
30364,Atlanta,core
30366,Atlanta,core
30368,Atlanta,core
30369,Atlanta,core
30370,Atlanta,core
30371,Atlanta,core
30374,Atlanta,core
30375,Atlanta,core
30377,Atlanta,core
30378,Atlanta,core
30380,Atlanta,core
30385,Atlanta,core
30388,Atlanta,core
30392,Atlanta,core
30394,Atlanta,core
30396,Atlanta,core
30398,Atlanta,core
31106,Atlanta,core
31107,Atlanta,core
31119,Atlanta,core
31126,Atlanta,core
31131,Atlanta,core
31139,Atlanta,core
31141,Atlanta,core
31146,Atlanta,core
31156,Atlanta,core
31192,Atlanta,core
31193,Atlanta,core
31195,Atlanta,core
31196,Atlanta,core
39901,Atlanta,core
30003,Atlanta,adj
30004,Atlanta,adj
30005,Atlanta,adj
30007,Atlanta,adj
30009,Atlanta,adj
30010,Atlanta,adj
30012,Atlanta,adj
30017,Atlanta,adj
30021,Atlanta,adj
30022,Atlanta,adj
30023,Atlanta,adj
30024,Atlanta,adj
30026,Atlanta,adj
30029,Atlanta,adj
30035,Atlanta,adj
30038,Atlanta,adj
30039,Atlanta,adj
30042,Atlanta,adj
30043,Atlanta,adj
30044,Atlanta,adj
30045,Atlanta,adj
30046,Atlanta,adj
30047,Atlanta,adj
30048,Atlanta,adj
30052,Atlanta,adj
30058,Atlanta,adj
30062,Atlanta,adj
30065,Atlanta,adj
30066,Atlanta,adj
30067,Atlanta,adj
30068,Atlanta,adj
30071,Atlanta,adj
30072,Atlanta,adj
30074,Atlanta,adj
30075,Atlanta,adj
30076,Atlanta,adj
30077,Atlanta,adj
30078,Atlanta,adj
30083,Atlanta,adj
30084,Atlanta,adj
30085,Atlanta,adj
30086,Atlanta,adj
30087,Atlanta,adj
30088,Atlanta,adj
30091,Atlanta,adj
30092,Atlanta,adj
30093,Atlanta,adj
30094,Atlanta,adj
30095,Atlanta,adj
30096,Atlanta,adj
30097,Atlanta,adj
30098,Atlanta,adj
30099,Atlanta,adj
30101,Atlanta,adj
30102,Atlanta,adj
30133,Atlanta,adj
30134,Atlanta,adj
30135,Atlanta,adj
30141,Atlanta,adj
30144,Atlanta,adj
30152,Atlanta,adj
30154,Atlanta,adj
30156,Atlanta,adj
30157,Atlanta,adj
30160,Atlanta,adj
30180,Atlanta,adj
30187,Atlanta,adj
30188,Atlanta,adj
30214,Atlanta,adj
30215,Atlanta,adj
30228,Atlanta,adj
30238,Atlanta,adj
30250,Atlanta,adj
30252,Atlanta,adj
30253,Atlanta,adj
30265,Atlanta,adj
30268,Atlanta,adj
30269,Atlanta,adj
30273,Atlanta,adj
30277,Atlanta,adj
30281,Atlanta,adj
30290,Atlanta,adj
30340,Atlanta,adj
30350,Atlanta,adj
30360,Atlanta,adj
30362,Atlanta,adj
30384,Atlanta,adj
31136,Atlanta,adj
31144,Atlanta,adj
31145,Atlanta,adj
31150,Atlanta,adj
30120,Atlanta,exp
73301,Austin,core
73344,Austin,core
78617,Austin,core
78651,Austin,core
78660,Austin,core
78664,Austin,core
78681,Austin,core
78682,Austin,core
78701,Austin,core
78702,Austin,core
78703,Austin,core
78704,Austin,core
78705,Austin,core
78708,Austin,core
78710,Austin,core
78711,Austin,core
78712,Austin,core
78713,Austin,core
78714,Austin,core
78715,Austin,core
78718,Austin,core
78719,Austin,core
78720,Austin,core
78721,Austin,core
78722,Austin,core
78723,Austin,core
78724,Austin,core
78725,Austin,core
78727,Austin,core
78728,Austin,core
78729,Austin,core
78731,Austin,core
78741,Austin,core
78742,Austin,core
78744,Austin,core
78745,Austin,core
78746,Austin,core
78750,Austin,core
78751,Austin,core
78752,Austin,core
78753,Austin,core
78754,Austin,core
78755,Austin,core
78756,Austin,core
78757,Austin,core
78758,Austin,core
78759,Austin,core
78761,Austin,core
78762,Austin,core
78763,Austin,core
78764,Austin,core
78765,Austin,core
78766,Austin,core
78767,Austin,core
78768,Austin,core
78769,Austin,core
78772,Austin,core
78773,Austin,core
78774,Austin,core
78778,Austin,core
78779,Austin,core
78783,Austin,core
76574,Austin,adj
78610,Austin,adj
78612,Austin,adj
78613,Austin,adj
78615,Austin,adj
78616,Austin,adj
78621,Austin,adj
78626,Austin,adj
78628,Austin,adj
78630,Austin,adj
78634,Austin,adj
78641,Austin,adj
78652,Austin,adj
78653,Austin,adj
78665,Austin,adj
78680,Austin,adj
78683,Austin,adj
78691,Austin,adj
78709,Austin,adj
78716,Austin,adj
78717,Austin,adj
78726,Austin,adj
78730,Austin,adj
78732,Austin,adj
78733,Austin,adj
78734,Austin,adj
78735,Austin,adj
78736,Austin,adj
78737,Austin,adj
78738,Austin,adj
78739,Austin,adj
78747,Austin,adj
78748,Austin,adj
78749,Austin,adj
78760,Austin,adj
78799,Austin,adj
75001,Dallas,core
75006,Dallas,core
75007,Dallas,core
75008,Dallas,core
75010,Dallas,core
75011,Dallas,core
75014,Dallas,core
75015,Dallas,core
75016,Dallas,core
75017,Dallas,core
75019,Dallas,core
75022,Dallas,core
75023,Dallas,core
75024,Dallas,core
75025,Dallas,core
75026,Dallas,core
75027,Dallas,core
75028,Dallas,core
75029,Dallas,core
75037,Dallas,core
75038,Dallas,core
75039,Dallas,core
75040,Dallas,core
75041,Dallas,core
75042,Dallas,core
75043,Dallas,core
75044,Dallas,core
75045,Dallas,core
75046,Dallas,core
75047,Dallas,core
75048,Dallas,core
75049,Dallas,core
75050,Dallas,core
75051,Dallas,core
75052,Dallas,core
75053,Dallas,core
75056,Dallas,core
75057,Dallas,core
75059,Dallas,core
75060,Dallas,core
75061,Dallas,core
75062,Dallas,core
75063,Dallas,core
75066,Dallas,core
75067,Dallas,core
75074,Dallas,core
75075,Dallas,core
75077,Dallas,core
75080,Dallas,core
75081,Dallas,core
75082,Dallas,core
75083,Dallas,core
75085,Dallas,core
75086,Dallas,core
75093,Dallas,core
75094,Dallas,core
75099,Dallas,core
75104,Dallas,core
75106,Dallas,core
75115,Dallas,core
75116,Dallas,core
75123,Dallas,core
75134,Dallas,core
75137,Dallas,core
75138,Dallas,core
75141,Dallas,core
75146,Dallas,core
75149,Dallas,core
75150,Dallas,core
75180,Dallas,core
75181,Dallas,core
75185,Dallas,core
75187,Dallas,core
75201,Dallas,core
75202,Dallas,core
75203,Dallas,core
75204,Dallas,core
75205,Dallas,core
75206,Dallas,core
75207,Dallas,core
75208,Dallas,core
75209,Dallas,core
75210,Dallas,core
75211,Dallas,core
75212,Dallas,core
75214,Dallas,core
75215,Dallas,core
75216,Dallas,core
75217,Dallas,core
75218,Dallas,core
75219,Dallas,core
75220,Dallas,core
75221,Dallas,core
75222,Dallas,core
75223,Dallas,core
75224,Dallas,core
75225,Dallas,core
75226,Dallas,core
75227,Dallas,core
75228,Dallas,core
75229,Dallas,core
75230,Dallas,core
75231,Dallas,core
75232,Dallas,core
75233,Dallas,core
75234,Dallas,core
75235,Dallas,core
75236,Dallas,core
75237,Dallas,core
75238,Dallas,core
75239,Dallas,core
75240,Dallas,core
75241,Dallas,core
75242,Dallas,core
75243,Dallas,core
75244,Dallas,core
75245,Dallas,core
75246,Dallas,core
75247,Dallas,core
75248,Dallas,core
75249,Dallas,core
75250,Dallas,core
75251,Dallas,core
75252,Dallas,core
75253,Dallas,core
75254,Dallas,core
75255,Dallas,core
75258,Dallas,core
75260,Dallas,core
75261,Dallas,core
75262,Dallas,core
75263,Dallas,core
75264,Dallas,core
75265,Dallas,core
75266,Dallas,core
75267,Dallas,core
75270,Dallas,core
75275,Dallas,core
75277,Dallas,core
75283,Dallas,core
75284,Dallas,core
75285,Dallas,core
75286,Dallas,core
75287,Dallas,core
75294,Dallas,core
75295,Dallas,core
75301,Dallas,core
75303,Dallas,core
75310,Dallas,core
75312,Dallas,core
75313,Dallas,core
75315,Dallas,core
75320,Dallas,core
75323,Dallas,core
75326,Dallas,core
75336,Dallas,core
75339,Dallas,core
75342,Dallas,core
75346,Dallas,core
75350,Dallas,core
75353,Dallas,core
75354,Dallas,core
75355,Dallas,core
75356,Dallas,core
75357,Dallas,core
75359,Dallas,core
75360,Dallas,core
75363,Dallas,core
75364,Dallas,core
75367,Dallas,core
75368,Dallas,core
75370,Dallas,core
75371,Dallas,core
75372,Dallas,core
75373,Dallas,core
75374,Dallas,core
75376,Dallas,core
75378,Dallas,core
75379,Dallas,core
75380,Dallas,core
75381,Dallas,core
75382,Dallas,core
75386,Dallas,core
75387,Dallas,core
75388,Dallas,core
75389,Dallas,core
75390,Dallas,core
75391,Dallas,core
75392,Dallas,core
75393,Dallas,core
75394,Dallas,core
75395,Dallas,core
75396,Dallas,core
75397,Dallas,core
75398,Dallas,core
76001,Dallas,core
76002,Dallas,core
76003,Dallas,core
76004,Dallas,core
76005,Dallas,core
76006,Dallas,core
76007,Dallas,core
76010,Dallas,core
76011,Dallas,core
76012,Dallas,core
76013,Dallas,core
76014,Dallas,core
76015,Dallas,core
76016,Dallas,core
76017,Dallas,core
76018,Dallas,core
76019,Dallas,core
76021,Dallas,core
76022,Dallas,core
76025,Dallas,core
76034,Dallas,core
76039,Dallas,core
76040,Dallas,core
76051,Dallas,core
76052,Dallas,core
76053,Dallas,core
76054,Dallas,core
76060,Dallas,core
76092,Dallas,core
76094,Dallas,core
76095,Dallas,core
76096,Dallas,core
76099,Dallas,core
76101,Dallas,core
76102,Dallas,core
76103,Dallas,core
76104,Dallas,core
76105,Dallas,core
76106,Dallas,core
76107,Dallas,core
76109,Dallas,core
76110,Dallas,core
76111,Dallas,core
76112,Dallas,core
76113,Dallas,core
76114,Dallas,core
76115,Dallas,core
76117,Dallas,core
76118,Dallas,core
76119,Dallas,core
76120,Dallas,core
76122,Dallas,core
76124,Dallas,core
76129,Dallas,core
76130,Dallas,core
76131,Dallas,core
76133,Dallas,core
76134,Dallas,core
76137,Dallas,core
76140,Dallas,core
76147,Dallas,core
76148,Dallas,core
76155,Dallas,core
76161,Dallas,core
76162,Dallas,core
76163,Dallas,core
76164,Dallas,core
76177,Dallas,core
76180,Dallas,core
76181,Dallas,core
76182,Dallas,core
76185,Dallas,core
76191,Dallas,core
76193,Dallas,core
76195,Dallas,core
76196,Dallas,core
76197,Dallas,core
76198,Dallas,core
76199,Dallas,core
76244,Dallas,core
76248,Dallas,core
76262,Dallas,core
75002,Dallas,adj
75013,Dallas,adj
75030,Dallas,adj
75032,Dallas,adj
75034,Dallas,adj
75035,Dallas,adj
75036,Dallas,adj
75054,Dallas,adj
75064,Dallas,adj
75065,Dallas,adj
75068,Dallas,adj
75087,Dallas,adj
75088,Dallas,adj
75089,Dallas,adj
75098,Dallas,adj
75125,Dallas,adj
75126,Dallas,adj
75154,Dallas,adj
75159,Dallas,adj
75166,Dallas,adj
75172,Dallas,adj
75182,Dallas,adj
75358,Dallas,adj
75407,Dallas,adj
76020,Dallas,adj
76028,Dallas,adj
76036,Dallas,adj
76063,Dallas,adj
76065,Dallas,adj
76071,Dallas,adj
76078,Dallas,adj
76084,Dallas,adj
76108,Dallas,adj
76116,Dallas,adj
76121,Dallas,adj
76123,Dallas,adj
76126,Dallas,adj
76127,Dallas,adj
76132,Dallas,adj
76135,Dallas,adj
76136,Dallas,adj
76150,Dallas,adj
76166,Dallas,adj
76179,Dallas,adj
76190,Dallas,adj
76192,Dallas,adj
76207,Dallas,adj
76208,Dallas,adj
76210,Dallas,adj
76226,Dallas,adj
76247,Dallas,adj
77001,Houston,core
77002,Houston,core
77003,Houston,core
77004,Houston,core
77005,Houston,core
77006,Houston,core
77007,Houston,core
77008,Houston,core
77009,Houston,core
77010,Houston,core
77014,Houston,core
77018,Houston,core
77019,Houston,core
77021,Houston,core
77022,Houston,core
77024,Houston,core
77025,Houston,core
77026,Houston,core
77027,Houston,core
77030,Houston,core
77032,Houston,core
77036,Houston,core
77037,Houston,core
77038,Houston,core
77039,Houston,core
77040,Houston,core
77041,Houston,core
77042,Houston,core
77043,Houston,core
77046,Houston,core
77051,Houston,core
77052,Houston,core
77054,Houston,core
77055,Houston,core
77056,Houston,core
77057,Houston,core
77058,Houston,core
77060,Houston,core
77062,Houston,core
77063,Houston,core
77064,Houston,core
77065,Houston,core
77066,Houston,core
77067,Houston,core
77068,Houston,core
77069,Houston,core
77070,Houston,core
77072,Houston,core
77073,Houston,core
77074,Houston,core
77076,Houston,core
77077,Houston,core
77079,Houston,core
77080,Houston,core
77081,Houston,core
77082,Houston,core
77084,Houston,core
77086,Houston,core
77088,Houston,core
77090,Houston,core
77091,Houston,core
77092,Houston,core
77093,Houston,core
77094,Houston,core
77095,Houston,core
77096,Houston,core
77097,Houston,core
77098,Houston,core
77201,Houston,core
77202,Houston,core
77203,Houston,core
77204,Houston,core
77205,Houston,core
77206,Houston,core
77208,Houston,core
77209,Houston,core
77210,Houston,core
77212,Houston,core
77215,Houston,core
77216,Houston,core
77218,Houston,core
77219,Houston,core
77221,Houston,core
77222,Houston,core
77224,Houston,core
77225,Houston,core
77226,Houston,core
77227,Houston,core
77230,Houston,core
77236,Houston,core
77237,Houston,core
77238,Houston,core
77240,Houston,core
77241,Houston,core
77242,Houston,core
77243,Houston,core
77244,Houston,core
77248,Houston,core
77249,Houston,core
77251,Houston,core
77252,Houston,core
77253,Houston,core
77254,Houston,core
77255,Houston,core
77256,Houston,core
77257,Houston,core
77258,Houston,core
77263,Houston,core
77265,Houston,core
77266,Houston,core
77267,Houston,core
77268,Houston,core
77269,Houston,core
77270,Houston,core
77271,Houston,core
77272,Houston,core
77273,Houston,core
77274,Houston,core
77275,Houston,core
77277,Houston,core
77279,Houston,core
77280,Houston,core
77281,Houston,core
77282,Houston,core
77284,Houston,core
77288,Houston,core
77289,Houston,core
77290,Houston,core
77291,Houston,core
77292,Houston,core
77293,Houston,core
77297,Houston,core
77299,Houston,core
77315,Houston,core
77336,Houston,core
77338,Houston,core
77345,Houston,core
77347,Houston,core
77357,Houston,core
77373,Houston,core
77379,Houston,core
77382,Houston,core
77383,Houston,core
77388,Houston,core
77391,Houston,core
77401,Houston,core
77402,Houston,core
77410,Houston,core
77411,Houston,core
77413,Houston,core
77429,Houston,core
77433,Houston,core
77011,Houston,adj
77012,Houston,adj
77013,Houston,adj
77015,Houston,adj
77016,Houston,adj
77017,Houston,adj
77020,Houston,adj
77023,Houston,adj
77028,Houston,adj
77029,Houston,adj
77031,Houston,adj
77033,Houston,adj
77034,Houston,adj
77035,Houston,adj
77044,Houston,adj
77045,Houston,adj
77047,Houston,adj
77048,Houston,adj
77049,Houston,adj
77050,Houston,adj
77053,Houston,adj
77059,Houston,adj
77061,Houston,adj
77071,Houston,adj
77075,Houston,adj
77078,Houston,adj
77083,Houston,adj
77085,Houston,adj
77087,Houston,adj
77089,Houston,adj
77099,Houston,adj
77207,Houston,adj
77213,Houston,adj
77217,Houston,adj
77220,Houston,adj
77223,Houston,adj
77228,Houston,adj
77229,Houston,adj
77231,Houston,adj
77233,Houston,adj
77234,Houston,adj
77235,Houston,adj
77245,Houston,adj
77261,Houston,adj
77262,Houston,adj
77287,Houston,adj
77337,Houston,adj
77339,Houston,adj
77346,Houston,adj
77355,Houston,adj
77362,Houston,adj
77365,Houston,adj
77375,Houston,adj
77377,Houston,adj
77380,Houston,adj
77381,Houston,adj
77385,Houston,adj
77386,Houston,adj
77387,Houston,adj
77389,Houston,adj
77393,Houston,adj
77396,Houston,adj
77406,Houston,adj
77407,Houston,adj
77423,Houston,adj
77441,Houston,adj
77447,Houston,adj
77449,Houston,adj
77450,Houston,adj
77477,Houston,adj
77478,Houston,adj
77484,Houston,adj
77487,Houston,adj
77489,Houston,adj
77491,Houston,adj
77492,Houston,adj
77493,Houston,adj
77494,Houston,adj
77496,Houston,adj
77497,Houston,adj
77498,Houston,adj
77501,Houston,adj
77502,Houston,adj
77503,Houston,adj
77504,Houston,adj
77505,Houston,adj
77506,Houston,adj
77508,Houston,adj
77530,Houston,adj
77536,Houston,adj
77547,Houston,adj
77581,Houston,adj
77584,Houston,adj
77587,Houston,adj
41011,Cincinnati,core
41012,Cincinnati,core
41014,Cincinnati,core
41015,Cincinnati,core
41016,Cincinnati,core
41017,Cincinnati,core
41018,Cincinnati,core
41019,Cincinnati,core
41022,Cincinnati,core
41042,Cincinnati,core
41048,Cincinnati,core
41051,Cincinnati,core
41071,Cincinnati,core
41072,Cincinnati,core
41073,Cincinnati,core
41074,Cincinnati,core
41075,Cincinnati,core
41099,Cincinnati,core
45001,Cincinnati,core
45011,Cincinnati,core
45012,Cincinnati,core
45014,Cincinnati,core
45015,Cincinnati,core
45018,Cincinnati,core
45040,Cincinnati,core
45044,Cincinnati,core
45051,Cincinnati,core
45055,Cincinnati,core
45062,Cincinnati,core
45069,Cincinnati,core
45071,Cincinnati,core
45201,Cincinnati,core
45202,Cincinnati,core
45203,Cincinnati,core
45204,Cincinnati,core
45205,Cincinnati,core
45206,Cincinnati,core
45207,Cincinnati,core
45208,Cincinnati,core
45209,Cincinnati,core
45211,Cincinnati,core
45212,Cincinnati,core
45213,Cincinnati,core
45214,Cincinnati,core
45215,Cincinnati,core
45216,Cincinnati,core
45217,Cincinnati,core
45218,Cincinnati,core
45219,Cincinnati,core
45220,Cincinnati,core
45221,Cincinnati,core
45222,Cincinnati,core
45223,Cincinnati,core
45224,Cincinnati,core
45225,Cincinnati,core
45229,Cincinnati,core
45231,Cincinnati,core
45232,Cincinnati,core
45233,Cincinnati,core
45234,Cincinnati,core
45235,Cincinnati,core
45236,Cincinnati,core
45237,Cincinnati,core
45238,Cincinnati,core
45239,Cincinnati,core
45240,Cincinnati,core
45241,Cincinnati,core
45242,Cincinnati,core
45246,Cincinnati,core
45247,Cincinnati,core
45248,Cincinnati,core
45250,Cincinnati,core
45251,Cincinnati,core
45252,Cincinnati,core
45253,Cincinnati,core
45254,Cincinnati,core
45258,Cincinnati,core
45262,Cincinnati,core
45263,Cincinnati,core
45264,Cincinnati,core
45267,Cincinnati,core
45268,Cincinnati,core
45269,Cincinnati,core
45270,Cincinnati,core
45271,Cincinnati,core
45273,Cincinnati,core
45274,Cincinnati,core
45275,Cincinnati,core
45277,Cincinnati,core
45280,Cincinnati,core
45296,Cincinnati,core
45298,Cincinnati,core
45299,Cincinnati,core
45999,Cincinnati,core
41001,Cincinnati,adj
41005,Cincinnati,adj
41021,Cincinnati,adj
41025,Cincinnati,adj
41033,Cincinnati,adj
41053,Cincinnati,adj
41063,Cincinnati,adj
41076,Cincinnati,adj
41080,Cincinnati,adj
41091,Cincinnati,adj
41094,Cincinnati,adj
45002,Cincinnati,adj
45004,Cincinnati,adj
45005,Cincinnati,adj
45013,Cincinnati,adj
45030,Cincinnati,adj
45033,Cincinnati,adj
45034,Cincinnati,adj
45036,Cincinnati,adj
45039,Cincinnati,adj
45041,Cincinnati,adj
45042,Cincinnati,adj
45050,Cincinnati,adj
45052,Cincinnati,adj
45053,Cincinnati,adj
45056,Cincinnati,adj
45061,Cincinnati,adj
45063,Cincinnati,adj
45064,Cincinnati,adj
45065,Cincinnati,adj
45066,Cincinnati,adj
45067,Cincinnati,adj
45102,Cincinnati,adj
45103,Cincinnati,adj
45111,Cincinnati,adj
45122,Cincinnati,adj
45140,Cincinnati,adj
45147,Cincinnati,adj
45150,Cincinnati,adj
45152,Cincinnati,adj
45174,Cincinnati,adj
45226,Cincinnati,adj
45227,Cincinnati,adj
45230,Cincinnati,adj
45243,Cincinnati,adj
45244,Cincinnati,adj
45245,Cincinnati,adj
45249,Cincinnati,adj
45255,Cincinnati,adj
43119,Columbus,core
43123,Columbus,core
43125,Columbus,core
43137,Columbus,core
43162,Columbus,core
43194,Columbus,core
43195,Columbus,core
43199,Columbus,core
43201,Columbus,core
43203,Columbus,core
43204,Columbus,core
43205,Columbus,core
43206,Columbus,core
43207,Columbus,core
43209,Columbus,core
43213,Columbus,core
43215,Columbus,core
43216,Columbus,core
43217,Columbus,core
43218,Columbus,core
43219,Columbus,core
43222,Columbus,core
43223,Columbus,core
43227,Columbus,core
43228,Columbus,core
43230,Columbus,core
43232,Columbus,core
43236,Columbus,core
43251,Columbus,core
43260,Columbus,core
43266,Columbus,core
43268,Columbus,core
43270,Columbus,core
43271,Columbus,core
43272,Columbus,core
43279,Columbus,core
43287,Columbus,core
43291,Columbus,core
43004,Columbus,adj
43026,Columbus,adj
43054,Columbus,adj
43062,Columbus,adj
43064,Columbus,adj
43068,Columbus,adj
43069,Columbus,adj
43073,Columbus,adj
43081,Columbus,adj
43103,Columbus,adj
43109,Columbus,adj
43110,Columbus,adj
43112,Columbus,adj
43116,Columbus,adj
43126,Columbus,adj
43136,Columbus,adj
43140,Columbus,adj
43146,Columbus,adj
43147,Columbus,adj
43202,Columbus,adj
43210,Columbus,adj
43211,Columbus,adj
43212,Columbus,adj
43214,Columbus,adj
43220,Columbus,adj
43221,Columbus,adj
43224,Columbus,adj
43229,Columbus,adj
43231,Columbus,adj
60004,Chicago,core
60005,Chicago,core
60006,Chicago,core
60007,Chicago,core
60008,Chicago,core
60009,Chicago,core
60015,Chicago,core
60016,Chicago,core
60017,Chicago,core
60018,Chicago,core
60019,Chicago,core
60022,Chicago,core
60025,Chicago,core
60026,Chicago,core
60029,Chicago,core
60035,Chicago,core
60037,Chicago,core
60038,Chicago,core
60040,Chicago,core
60043,Chicago,core
60044,Chicago,core
60045,Chicago,core
60048,Chicago,core
60053,Chicago,core
60055,Chicago,core
60056,Chicago,core
60061,Chicago,core
60062,Chicago,core
60064,Chicago,core
60065,Chicago,core
60067,Chicago,core
60068,Chicago,core
60069,Chicago,core
60070,Chicago,core
60074,Chicago,core
60076,Chicago,core
60077,Chicago,core
60078,Chicago,core
60082,Chicago,core
60085,Chicago,core
60086,Chicago,core
60088,Chicago,core
60089,Chicago,core
60090,Chicago,core
60091,Chicago,core
60093,Chicago,core
60094,Chicago,core
60095,Chicago,core
60101,Chicago,core
60103,Chicago,core
60104,Chicago,core
60105,Chicago,core
60106,Chicago,core
60107,Chicago,core
60108,Chicago,core
60116,Chicago,core
60117,Chicago,core
60120,Chicago,core
60122,Chicago,core
60123,Chicago,core
60126,Chicago,core
60128,Chicago,core
60130,Chicago,core
60131,Chicago,core
60132,Chicago,core
60133,Chicago,core
60134,Chicago,core
60137,Chicago,core
60138,Chicago,core
60139,Chicago,core
60141,Chicago,core
60143,Chicago,core
60148,Chicago,core
60153,Chicago,core
60154,Chicago,core
60155,Chicago,core
60157,Chicago,core
60159,Chicago,core
60160,Chicago,core
60161,Chicago,core
60162,Chicago,core
60163,Chicago,core
60164,Chicago,core
60165,Chicago,core
60168,Chicago,core
60169,Chicago,core
60171,Chicago,core
60172,Chicago,core
60173,Chicago,core
60174,Chicago,core
60175,Chicago,core
60176,Chicago,core
60177,Chicago,core
60181,Chicago,core
60184,Chicago,core
60185,Chicago,core
60186,Chicago,core
60187,Chicago,core
60188,Chicago,core
60189,Chicago,core
60190,Chicago,core
60191,Chicago,core
60193,Chicago,core
60194,Chicago,core
60195,Chicago,core
60196,Chicago,core
60197,Chicago,core
60199,Chicago,core
60201,Chicago,core
60202,Chicago,core
60203,Chicago,core
60204,Chicago,core
60208,Chicago,core
60209,Chicago,core
60301,Chicago,core
60302,Chicago,core
60303,Chicago,core
60304,Chicago,core
60305,Chicago,core
60399,Chicago,core
60402,Chicago,core
60403,Chicago,core
60406,Chicago,core
60409,Chicago,core
60411,Chicago,core
60412,Chicago,core
60415,Chicago,core
60419,Chicago,core
60422,Chicago,core
60425,Chicago,core
60426,Chicago,core
60428,Chicago,core
60429,Chicago,core
60430,Chicago,core
60432,Chicago,core
60433,Chicago,core
60438,Chicago,core
60439,Chicago,core
60440,Chicago,core
60441,Chicago,core
60443,Chicago,core
60445,Chicago,core
60446,Chicago,core
60448,Chicago,core
60451,Chicago,core
60452,Chicago,core
60453,Chicago,core
60454,Chicago,core
60455,Chicago,core
60456,Chicago,core
60457,Chicago,core
60458,Chicago,core
60459,Chicago,core
60461,Chicago,core
60462,Chicago,core
60463,Chicago,core
60464,Chicago,core
60465,Chicago,core
60466,Chicago,core
60467,Chicago,core
60469,Chicago,core
60471,Chicago,core
60472,Chicago,core
60473,Chicago,core
60476,Chicago,core
60477,Chicago,core
60478,Chicago,core
60480,Chicago,core
60482,Chicago,core
60487,Chicago,core
60491,Chicago,core
60499,Chicago,core
60501,Chicago,core
60502,Chicago,core
60503,Chicago,core
60504,Chicago,core
60505,Chicago,core
60507,Chicago,core
60510,Chicago,core
60513,Chicago,core
60514,Chicago,core
60515,Chicago,core
60516,Chicago,core
60517,Chicago,core
60521,Chicago,core
60522,Chicago,core
60523,Chicago,core
60525,Chicago,core
60526,Chicago,core
60527,Chicago,core
60532,Chicago,core
60534,Chicago,core
60540,Chicago,core
60542,Chicago,core
60546,Chicago,core
60555,Chicago,core
60558,Chicago,core
60559,Chicago,core
60561,Chicago,core
60563,Chicago,core
60565,Chicago,core
60572,Chicago,core
60601,Chicago,core
60602,Chicago,core
60603,Chicago,core
60604,Chicago,core
60605,Chicago,core
60606,Chicago,core
60607,Chicago,core
60608,Chicago,core
60609,Chicago,core
60610,Chicago,core
60611,Chicago,core
60612,Chicago,core
60613,Chicago,core
60614,Chicago,core
60615,Chicago,core
60616,Chicago,core
60617,Chicago,core
60618,Chicago,core
60619,Chicago,core
60620,Chicago,core
60621,Chicago,core
60622,Chicago,core
60623,Chicago,core
60624,Chicago,core
60625,Chicago,core
60626,Chicago,core
60628,Chicago,core
60629,Chicago,core
60630,Chicago,core
60631,Chicago,core
60632,Chicago,core
60633,Chicago,core
60634,Chicago,core
60636,Chicago,core
60637,Chicago,core
60638,Chicago,core
60639,Chicago,core
60640,Chicago,core
60641,Chicago,core
60642,Chicago,core
60643,Chicago,core
60644,Chicago,core
60645,Chicago,core
60646,Chicago,core
60647,Chicago,core
60649,Chicago,core
60651,Chicago,core
60652,Chicago,core
60653,Chicago,core
60654,Chicago,core
60655,Chicago,core
60656,Chicago,core
60657,Chicago,core
60659,Chicago,core
60660,Chicago,core
60661,Chicago,core
60664,Chicago,core
60666,Chicago,core
60668,Chicago,core
60669,Chicago,core
60670,Chicago,core
60673,Chicago,core
60674,Chicago,core
60675,Chicago,core
60677,Chicago,core
60678,Chicago,core
60680,Chicago,core
60681,Chicago,core
60682,Chicago,core
60684,Chicago,core
60685,Chicago,core
60686,Chicago,core
60687,Chicago,core
60688,Chicago,core
60689,Chicago,core
60690,Chicago,core
60691,Chicago,core
60693,Chicago,core
60694,Chicago,core
60695,Chicago,core
60696,Chicago,core
60697,Chicago,core
60699,Chicago,core
60701,Chicago,core
60706,Chicago,core
60707,Chicago,core
60712,Chicago,core
60714,Chicago,core
60803,Chicago,core
60804,Chicago,core
60805,Chicago,core
60827,Chicago,core
60002,Chicago,adj
60010,Chicago,adj
60011,Chicago,adj
60013,Chicago,adj
60014,Chicago,adj
60021,Chicago,adj
60030,Chicago,adj
60031,Chicago,adj
60042,Chicago,adj
60046,Chicago,adj
60047,Chicago,adj
60051,Chicago,adj
60060,Chicago,adj
60073,Chicago,adj
60079,Chicago,adj
60083,Chicago,adj
60084,Chicago,adj
60087,Chicago,adj
60096,Chicago,adj
60099,Chicago,adj
60102,Chicago,adj
60110,Chicago,adj
60118,Chicago,adj
60119,Chicago,adj
60121,Chicago,adj
60124,Chicago,adj
60136,Chicago,adj
60140,Chicago,adj
60142,Chicago,adj
60144,Chicago,adj
60147,Chicago,adj
60151,Chicago,adj
60156,Chicago,adj
60179,Chicago,adj
60183,Chicago,adj
60192,Chicago,adj
60401,Chicago,adj
60404,Chicago,adj
60410,Chicago,adj
60417,Chicago,adj
60418,Chicago,adj
60421,Chicago,adj
60423,Chicago,adj
60431,Chicago,adj
60434,Chicago,adj
60435,Chicago,adj
60436,Chicago,adj
60442,Chicago,adj
60447,Chicago,adj
60449,Chicago,adj
60475,Chicago,adj
60481,Chicago,adj
60484,Chicago,adj
60490,Chicago,adj
60506,Chicago,adj
60511,Chicago,adj
60512,Chicago,adj
60519,Chicago,adj
60538,Chicago,adj
60539,Chicago,adj
60541,Chicago,adj
60543,Chicago,adj
60544,Chicago,adj
60545,Chicago,adj
60554,Chicago,adj
60560,Chicago,adj
60564,Chicago,adj
60566,Chicago,adj
60567,Chicago,adj
60568,Chicago,adj
60569,Chicago,adj
60585,Chicago,adj
60586,Chicago,adj
60598,Chicago,adj
60599,Chicago,adj
88901,Las Vegas,core
89011,Las Vegas,core
89014,Las Vegas,core
89030,Las Vegas,core
89031,Las Vegas,core
89032,Las Vegas,core
89036,Las Vegas,core
89052,Las Vegas,core
89074,Las Vegas,core
89077,Las Vegas,core
89081,Las Vegas,core
89084,Las Vegas,core
89086,Las Vegas,core
89087,Las Vegas,core
89101,Las Vegas,core
89102,Las Vegas,core
89103,Las Vegas,core
89104,Las Vegas,core
89105,Las Vegas,core
89106,Las Vegas,core
89107,Las Vegas,core
89108,Las Vegas,core
89109,Las Vegas,core
89110,Las Vegas,core
89111,Las Vegas,core
89113,Las Vegas,core
89114,Las Vegas,core
89115,Las Vegas,core
89116,Las Vegas,core
89117,Las Vegas,core
89118,Las Vegas,core
89119,Las Vegas,core
89120,Las Vegas,core
89121,Las Vegas,core
89122,Las Vegas,core
89123,Las Vegas,core
89125,Las Vegas,core
89126,Las Vegas,core
89127,Las Vegas,core
89128,Las Vegas,core
89129,Las Vegas,core
89130,Las Vegas,core
89131,Las Vegas,core
89132,Las Vegas,core
89133,Las Vegas,core
89134,Las Vegas,core
89135,Las Vegas,core
89136,Las Vegas,core
89137,Las Vegas,core
89138,Las Vegas,core
89139,Las Vegas,core
89140,Las Vegas,core
89142,Las Vegas,core
89144,Las Vegas,core
89145,Las Vegas,core
89146,Las Vegas,core
89147,Las Vegas,core
89148,Las Vegas,core
89149,Las Vegas,core
89150,Las Vegas,core
89151,Las Vegas,core
89152,Las Vegas,core
89153,Las Vegas,core
89154,Las Vegas,core
89155,Las Vegas,core
89156,Las Vegas,core
89157,Las Vegas,core
89158,Las Vegas,core
89159,Las Vegas,core
89160,Las Vegas,core
89162,Las Vegas,core
89163,Las Vegas,core
89164,Las Vegas,core
89165,Las Vegas,core
89169,Las Vegas,core
89170,Las Vegas,core
89173,Las Vegas,core
89177,Las Vegas,core
89180,Las Vegas,core
89183,Las Vegas,core
89185,Las Vegas,core
89191,Las Vegas,core
89193,Las Vegas,core
89195,Las Vegas,core
89199,Las Vegas,core
88905,Las Vegas,adj
89002,Las Vegas,adj
89005,Las Vegas,adj
89009,Las Vegas,adj
89012,Las Vegas,adj
89015,Las Vegas,adj
89016,Las Vegas,adj
89018,Las Vegas,adj
89033,Las Vegas,adj
89040,Las Vegas,adj
89044,Las Vegas,adj
89053,Las Vegas,adj
89054,Las Vegas,adj
89085,Las Vegas,adj
89112,Las Vegas,adj
89124,Las Vegas,adj
89141,Las Vegas,adj
89143,Las Vegas,adj
89161,Las Vegas,adj
89166,Las Vegas,adj
89178,Las Vegas,adj
89179,Las Vegas,adj
89431,Reno,core
89432,Reno,core
89433,Reno,core
89434,Reno,core
89435,Reno,core
89436,Reno,core
89437,Reno,core
89441,Reno,core
89452,Reno,core
89501,Reno,core
89502,Reno,core
89503,Reno,core
89504,Reno,core
89505,Reno,core
89506,Reno,core
89507,Reno,core
89509,Reno,core
89511,Reno,core
89512,Reno,core
89513,Reno,core
89515,Reno,core
89519,Reno,core
89520,Reno,core
89521,Reno,core
89523,Reno,core
89533,Reno,core
89555,Reno,core
89557,Reno,core
89570,Reno,core
89595,Reno,core
89599,Reno,core
89403,Reno,adj
89408,Reno,adj
89429,Reno,adj
89439,Reno,adj
89440,Reno,adj
89442,Reno,adj
89451,Reno,adj
89508,Reno,adj
89510,Reno,adj
89704,Reno,adj
20001,Washington DC,core
20002,Washington DC,core
20003,Washington DC,core
20004,Washington DC,core
20005,Washington DC,core
20006,Washington DC,core
20007,Washington DC,core
20008,Washington DC,core
20009,Washington DC,core
20010,Washington DC,core
20011,Washington DC,core
20012,Washington DC,core
20013,Washington DC,core
20015,Washington DC,core
20016,Washington DC,core
20017,Washington DC,core
20018,Washington DC,core
20019,Washington DC,core
20020,Washington DC,core
20022,Washington DC,core
20024,Washington DC,core
20026,Washington DC,core
20027,Washington DC,core
20029,Washington DC,core
20030,Washington DC,core
20032,Washington DC,core
20033,Washington DC,core
20035,Washington DC,core
20036,Washington DC,core
20037,Washington DC,core
20038,Washington DC,core
20039,Washington DC,core
20040,Washington DC,core
20041,Washington DC,core
20042,Washington DC,core
20043,Washington DC,core
20044,Washington DC,core
20045,Washington DC,core
20047,Washington DC,core
20049,Washington DC,core
20050,Washington DC,core
20052,Washington DC,core
20053,Washington DC,core
20055,Washington DC,core
20056,Washington DC,core
20057,Washington DC,core
20059,Washington DC,core
20060,Washington DC,core
20061,Washington DC,core
20062,Washington DC,core
20063,Washington DC,core
20064,Washington DC,core
20065,Washington DC,core
20066,Washington DC,core
20067,Washington DC,core
20068,Washington DC,core
20069,Washington DC,core
20070,Washington DC,core
20071,Washington DC,core
20073,Washington DC,core
20074,Washington DC,core
20075,Washington DC,core
20076,Washington DC,core
20077,Washington DC,core
20078,Washington DC,core
20080,Washington DC,core
20081,Washington DC,core
20082,Washington DC,core
20090,Washington DC,core
20201,Washington DC,core
20202,Washington DC,core
20203,Washington DC,core
20204,Washington DC,core
20205,Washington DC,core
20206,Washington DC,core
20207,Washington DC,core
20208,Washington DC,core
20209,Washington DC,core
20210,Washington DC,core
20211,Washington DC,core
20212,Washington DC,core
20213,Washington DC,core
20214,Washington DC,core
20215,Washington DC,core
20216,Washington DC,core
20217,Washington DC,core
20218,Washington DC,core
20219,Washington DC,core
20220,Washington DC,core
20221,Washington DC,core
20222,Washington DC,core
20223,Washington DC,core
20224,Washington DC,core
20225,Washington DC,core
20226,Washington DC,core
20227,Washington DC,core
20228,Washington DC,core
20229,Washington DC,core
20230,Washington DC,core
20232,Washington DC,core
20233,Washington DC,core
20235,Washington DC,core
20237,Washington DC,core
20238,Washington DC,core
20239,Washington DC,core
20240,Washington DC,core
20241,Washington DC,core
20242,Washington DC,core
20244,Washington DC,core
20245,Washington DC,core
20250,Washington DC,core
20251,Washington DC,core
20252,Washington DC,core
20254,Washington DC,core
20260,Washington DC,core
20261,Washington DC,core
20262,Washington DC,core
20265,Washington DC,core
20266,Washington DC,core
20268,Washington DC,core
20270,Washington DC,core
20277,Washington DC,core
20289,Washington DC,core
20299,Washington DC,core
20301,Washington DC,core
20303,Washington DC,core
20306,Washington DC,core
20310,Washington DC,core
20314,Washington DC,core
20317,Washington DC,core
20318,Washington DC,core
20319,Washington DC,core
20330,Washington DC,core
20340,Washington DC,core
20350,Washington DC,core
20355,Washington DC,core
20370,Washington DC,core
20372,Washington DC,core
20375,Washington DC,core
20380,Washington DC,core
20389,Washington DC,core
20390,Washington DC,core
20392,Washington DC,core
20393,Washington DC,core
20394,Washington DC,core
20395,Washington DC,core
20401,Washington DC,core
20402,Washington DC,core
20403,Washington DC,core
20404,Washington DC,core
20405,Washington DC,core
20406,Washington DC,core
20407,Washington DC,core
20408,Washington DC,core
20409,Washington DC,core
20410,Washington DC,core
20411,Washington DC,core
20412,Washington DC,core
20413,Washington DC,core
20414,Washington DC,core
20415,Washington DC,core
20416,Washington DC,core
20417,Washington DC,core
20418,Washington DC,core
20419,Washington DC,core
20420,Washington DC,core
20421,Washington DC,core
20422,Washington DC,core
20423,Washington DC,core
20424,Washington DC,core
20425,Washington DC,core
20426,Washington DC,core
20427,Washington DC,core
20428,Washington DC,core
20429,Washington DC,core
20431,Washington DC,core
20433,Washington DC,core
20434,Washington DC,core
20435,Washington DC,core
20436,Washington DC,core
20437,Washington DC,core
20439,Washington DC,core
20440,Washington DC,core
20441,Washington DC,core
20442,Washington DC,core
20444,Washington DC,core
20447,Washington DC,core
20451,Washington DC,core
20453,Washington DC,core
20456,Washington DC,core
20460,Washington DC,core
20463,Washington DC,core
20468,Washington DC,core
20469,Washington DC,core
20470,Washington DC,core
20472,Washington DC,core
20500,Washington DC,core
20501,Washington DC,core
20502,Washington DC,core
20503,Washington DC,core
20504,Washington DC,core
20505,Washington DC,core
20506,Washington DC,core
20507,Washington DC,core
20508,Washington DC,core
20509,Washington DC,core
20510,Washington DC,core
20511,Washington DC,core
20515,Washington DC,core
20520,Washington DC,core
20521,Washington DC,core
20522,Washington DC,core
20523,Washington DC,core
20524,Washington DC,core
20525,Washington DC,core
20526,Washington DC,core
20527,Washington DC,core
20528,Washington DC,core
20529,Washington DC,core
20530,Washington DC,core
20531,Washington DC,core
20533,Washington DC,core
20534,Washington DC,core
20535,Washington DC,core
20536,Washington DC,core
20537,Washington DC,core
20538,Washington DC,core
20539,Washington DC,core
20540,Washington DC,core
20541,Washington DC,core
20542,Washington DC,core
20543,Washington DC,core
20544,Washington DC,core
20546,Washington DC,core
20547,Washington DC,core
20548,Washington DC,core
20549,Washington DC,core
20551,Washington DC,core
20552,Washington DC,core
20553,Washington DC,core
20554,Washington DC,core
20555,Washington DC,core
20557,Washington DC,core
20559,Washington DC,core
20560,Washington DC,core
20565,Washington DC,core
20566,Washington DC,core
20570,Washington DC,core
20571,Washington DC,core
20572,Washington DC,core
20573,Washington DC,core
20575,Washington DC,core
20576,Washington DC,core
20577,Washington DC,core
20578,Washington DC,core
20579,Washington DC,core
20580,Washington DC,core
20581,Washington DC,core
20585,Washington DC,core
20586,Washington DC,core
20590,Washington DC,core
20591,Washington DC,core
20593,Washington DC,core
20594,Washington DC,core
20597,Washington DC,core
20599,Washington DC,core
56901,Washington DC,core
56915,Washington DC,core
56920,Washington DC,core
56933,Washington DC,core
56944,Washington DC,core
56972,Washington DC,core
28012,Charlotte,core
28075,Charlotte,core
28078,Charlotte,core
28105,Charlotte,core
28120,Charlotte,core
28126,Charlotte,core
28130,Charlotte,core
28134,Charlotte,core
28201,Charlotte,core
28202,Charlotte,core
28203,Charlotte,core
28204,Charlotte,core
28205,Charlotte,core
28206,Charlotte,core
28207,Charlotte,core
28208,Charlotte,core
28209,Charlotte,core
28210,Charlotte,core
28211,Charlotte,core
28212,Charlotte,core
28213,Charlotte,core
28214,Charlotte,core
28215,Charlotte,core
28216,Charlotte,core
28217,Charlotte,core
28218,Charlotte,core
28219,Charlotte,core
28220,Charlotte,core
28221,Charlotte,core
28222,Charlotte,core
28223,Charlotte,core
28224,Charlotte,core
28226,Charlotte,core
28227,Charlotte,core
28228,Charlotte,core
28229,Charlotte,core
28230,Charlotte,core
28231,Charlotte,core
28232,Charlotte,core
28233,Charlotte,core
28234,Charlotte,core
28235,Charlotte,core
28236,Charlotte,core
28237,Charlotte,core
28241,Charlotte,core
28242,Charlotte,core
28243,Charlotte,core
28244,Charlotte,core
28246,Charlotte,core
28247,Charlotte,core
28250,Charlotte,core
28253,Charlotte,core
28254,Charlotte,core
28255,Charlotte,core
28256,Charlotte,core
28258,Charlotte,core
28260,Charlotte,core
28262,Charlotte,core
28263,Charlotte,core
28265,Charlotte,core
28266,Charlotte,core
28269,Charlotte,core
28270,Charlotte,core
28272,Charlotte,core
28273,Charlotte,core
28274,Charlotte,core
28275,Charlotte,core
28277,Charlotte,core
28278,Charlotte,core
28280,Charlotte,core
28281,Charlotte,core
28282,Charlotte,core
28284,Charlotte,core
28285,Charlotte,core
28287,Charlotte,core
28288,Charlotte,core
28289,Charlotte,core
28290,Charlotte,core
28296,Charlotte,core
28297,Charlotte,core
28299,Charlotte,core
29707,Charlotte,core
29708,Charlotte,core
29715,Charlotte,core
28006,Charlotte,adj
28025,Charlotte,adj
28026,Charlotte,adj
28027,Charlotte,adj
28031,Charlotte,adj
28032,Charlotte,adj
28034,Charlotte,adj
28036,Charlotte,adj
28037,Charlotte,adj
28054,Charlotte,adj
28056,Charlotte,adj
28070,Charlotte,adj
28079,Charlotte,adj
28080,Charlotte,adj
28081,Charlotte,adj
28083,Charlotte,adj
28098,Charlotte,adj
28101,Charlotte,adj
28104,Charlotte,adj
28106,Charlotte,adj
28107,Charlotte,adj
28110,Charlotte,adj
28163,Charlotte,adj
28164,Charlotte,adj
28173,Charlotte,adj
28271,Charlotte,adj
29710,Charlotte,adj
29716,Charlotte,adj
29720,Charlotte,adj
29730,Charlotte,adj
29731,Charlotte,adj
29732,Charlotte,adj
29733,Charlotte,adj
29734,Charlotte,adj
29745,Charlotte,adj
32701,Orlando,core
32703,Orlando,core
32704,Orlando,core
32707,Orlando,core
32708,Orlando,core
32710,Orlando,core
32714,Orlando,core
32715,Orlando,core
32716,Orlando,core
32718,Orlando,core
32719,Orlando,core
32730,Orlando,core
32733,Orlando,core
32750,Orlando,core
32751,Orlando,core
32752,Orlando,core
32762,Orlando,core
32765,Orlando,core
32768,Orlando,core
32779,Orlando,core
32789,Orlando,core
32790,Orlando,core
32791,Orlando,core
32792,Orlando,core
32793,Orlando,core
32794,Orlando,core
32801,Orlando,core
32802,Orlando,core
32803,Orlando,core
32804,Orlando,core
32805,Orlando,core
32806,Orlando,core
32807,Orlando,core
32808,Orlando,core
32809,Orlando,core
32810,Orlando,core
32811,Orlando,core
32812,Orlando,core
32814,Orlando,core
32816,Orlando,core
32817,Orlando,core
32818,Orlando,core
32819,Orlando,core
32820,Orlando,core
32821,Orlando,core
32822,Orlando,core
32824,Orlando,core
32825,Orlando,core
32826,Orlando,core
32827,Orlando,core
32828,Orlando,core
32829,Orlando,core
32830,Orlando,core
32831,Orlando,core
32832,Orlando,core
32834,Orlando,core
32835,Orlando,core
32836,Orlando,core
32837,Orlando,core
32839,Orlando,core
32853,Orlando,core
32854,Orlando,core
32855,Orlando,core
32856,Orlando,core
32857,Orlando,core
32858,Orlando,core
32859,Orlando,core
32860,Orlando,core
32861,Orlando,core
32862,Orlando,core
32867,Orlando,core
32868,Orlando,core
32869,Orlando,core
32872,Orlando,core
32877,Orlando,core
32878,Orlando,core
32885,Orlando,core
32886,Orlando,core
32887,Orlando,core
32891,Orlando,core
32896,Orlando,core
32897,Orlando,core
34734,Orlando,core
34741,Orlando,core
34743,Orlando,core
34744,Orlando,core
34760,Orlando,core
34761,Orlando,core
34777,Orlando,core
34778,Orlando,core
34786,Orlando,core
34787,Orlando,core
32709,Orlando,adj
32712,Orlando,adj
32732,Orlando,adj
32745,Orlando,adj
32746,Orlando,adj
32757,Orlando,adj
32766,Orlando,adj
32771,Orlando,adj
32772,Orlando,adj
32773,Orlando,adj
32776,Orlando,adj
32777,Orlando,adj
32778,Orlando,adj
32795,Orlando,adj
32798,Orlando,adj
32799,Orlando,adj
32833,Orlando,adj
33848,Orlando,adj
33868,Orlando,adj
33896,Orlando,adj
33897,Orlando,adj
34705,Orlando,adj
34711,Orlando,adj
34713,Orlando,adj
34714,Orlando,adj
34715,Orlando,adj
34729,Orlando,adj
34740,Orlando,adj
34742,Orlando,adj
34745,Orlando,adj
34746,Orlando,adj
34747,Orlando,adj
34756,Orlando,adj
34758,Orlando,adj
34769,Orlando,adj
34770,Orlando,adj
34771,Orlando,adj
34772,Orlando,adj
32747,Orlando,exp
85001,Phoenix,core
85002,Phoenix,core
85003,Phoenix,core
85004,Phoenix,core
85005,Phoenix,core
85006,Phoenix,core
85007,Phoenix,core
85008,Phoenix,core
85009,Phoenix,core
85010,Phoenix,core
85011,Phoenix,core
85012,Phoenix,core
85013,Phoenix,core
85014,Phoenix,core
85015,Phoenix,core
85016,Phoenix,core
85017,Phoenix,core
85018,Phoenix,core
85019,Phoenix,core
85020,Phoenix,core
85021,Phoenix,core
85022,Phoenix,core
85023,Phoenix,core
85024,Phoenix,core
85025,Phoenix,core
85026,Phoenix,core
85027,Phoenix,core
85028,Phoenix,core
85029,Phoenix,core
85030,Phoenix,core
85031,Phoenix,core
85032,Phoenix,core
85033,Phoenix,core
85034,Phoenix,core
85035,Phoenix,core
85036,Phoenix,core
85037,Phoenix,core
85038,Phoenix,core
85040,Phoenix,core
85041,Phoenix,core
85042,Phoenix,core
85043,Phoenix,core
85044,Phoenix,core
85045,Phoenix,core
85046,Phoenix,core
85048,Phoenix,core
85051,Phoenix,core
85053,Phoenix,core
85060,Phoenix,core
85061,Phoenix,core
85062,Phoenix,core
85063,Phoenix,core
85064,Phoenix,core
85065,Phoenix,core
85066,Phoenix,core
85067,Phoenix,core
85068,Phoenix,core
85069,Phoenix,core
85070,Phoenix,core
85071,Phoenix,core
85072,Phoenix,core
85073,Phoenix,core
85074,Phoenix,core
85075,Phoenix,core
85078,Phoenix,core
85079,Phoenix,core
85080,Phoenix,core
85082,Phoenix,core
85097,Phoenix,core
85098,Phoenix,core
85250,Phoenix,core
85251,Phoenix,core
85252,Phoenix,core
85253,Phoenix,core
85254,Phoenix,core
85257,Phoenix,core
85258,Phoenix,core
85260,Phoenix,core
85261,Phoenix,core
85271,Phoenix,core
85280,Phoenix,core
85281,Phoenix,core
85282,Phoenix,core
85283,Phoenix,core
85301,Phoenix,core
85302,Phoenix,core
85303,Phoenix,core
85304,Phoenix,core
85305,Phoenix,core
85306,Phoenix,core
85307,Phoenix,core
85308,Phoenix,core
85311,Phoenix,core
85318,Phoenix,core
85323,Phoenix,core
85335,Phoenix,core
85339,Phoenix,core
85345,Phoenix,core
85351,Phoenix,core
85353,Phoenix,core
85363,Phoenix,core
85373,Phoenix,core
85378,Phoenix,core
85380,Phoenix,core
85381,Phoenix,core
85382,Phoenix,core
85385,Phoenix,core
85392,Phoenix,core
85039,Phoenix,adj
85050,Phoenix,adj
85054,Phoenix,adj
85076,Phoenix,adj
85083,Phoenix,adj
85085,Phoenix,adj
85086,Phoenix,adj
85138,Phoenix,adj
85201,Phoenix,adj
85202,Phoenix,adj
85203,Phoenix,adj
85204,Phoenix,adj
85210,Phoenix,adj
85211,Phoenix,adj
85215,Phoenix,adj
85224,Phoenix,adj
85225,Phoenix,adj
85226,Phoenix,adj
85233,Phoenix,adj
85246,Phoenix,adj
85248,Phoenix,adj
85255,Phoenix,adj
85256,Phoenix,adj
85259,Phoenix,adj
85266,Phoenix,adj
85267,Phoenix,adj
85274,Phoenix,adj
85284,Phoenix,adj
85285,Phoenix,adj
85286,Phoenix,adj
85287,Phoenix,adj
85309,Phoenix,adj
85310,Phoenix,adj
85312,Phoenix,adj
85326,Phoenix,adj
85329,Phoenix,adj
85331,Phoenix,adj
85338,Phoenix,adj
85340,Phoenix,adj
85355,Phoenix,adj
85372,Phoenix,adj
85374,Phoenix,adj
85375,Phoenix,adj
85376,Phoenix,adj
85379,Phoenix,adj
85383,Phoenix,adj
85387,Phoenix,adj
85388,Phoenix,adj
85395,Phoenix,adj
85396,Phoenix,adj
85205,Phoenix,exp
85206,Phoenix,exp
85207,Phoenix,exp
85208,Phoenix,exp
85213,Phoenix,exp
85214,Phoenix,exp
85216,Phoenix,exp
85234,Phoenix,exp
85244,Phoenix,exp
85264,Phoenix,exp
85268,Phoenix,exp
85269,Phoenix,exp
85275,Phoenix,exp
85277,Phoenix,exp
85295,Phoenix,exp
85296,Phoenix,exp
85299,Phoenix,exp
08012,Logan Township,exp
08014,Logan Township,exp
08020,Logan Township,exp
08023,Logan Township,exp
08025,Logan Township,exp
08027,Logan Township,exp
08028,Logan Township,exp
08030,Logan Township,exp
08031,Logan Township,exp
08039,Logan Township,exp
08051,Logan Township,exp
08056,Logan Township,exp
08061,Logan Township,exp
08062,Logan Township,exp
08063,Logan Township,exp
08066,Logan Township,exp
08067,Logan Township,exp
08069,Logan Township,exp
08070,Logan Township,exp
08071,Logan Township,exp
08074,Logan Township,exp
08079,Logan Township,exp
08080,Logan Township,exp
08085,Logan Township,exp
08086,Logan Township,exp
08090,Logan Township,exp
08093,Logan Township,exp
08096,Logan Township,exp
08097,Logan Township,exp
08098,Logan Township,exp
08318,Logan Township,exp
08343,Logan Township,exp
07726,Dayton,exp
08502,Dayton,exp
08504,Dayton,exp
08512,Dayton,exp
08520,Dayton,exp
08528,Dayton,exp
08535,Dayton,exp
08536,Dayton,exp
08540,Dayton,exp
08542,Dayton,exp
08543,Dayton,exp
08544,Dayton,exp
08550,Dayton,exp
08553,Dayton,exp
08558,Dayton,exp
08561,Dayton,exp
08691,Dayton,exp
08810,Dayton,exp
08816,Dayton,exp
08823,Dayton,exp
08824,Dayton,exp
08828,Dayton,exp
08831,Dayton,exp
08850,Dayton,exp
08852,Dayton,exp
08855,Dayton,exp
08857,Dayton,exp
08871,Dayton,exp
08873,Dayton,exp
08875,Dayton,exp
08882,Dayton,exp
08884,Dayton,exp
08901,Dayton,exp
08902,Dayton,exp
08903,Dayton,exp
08904,Dayton,exp
08933,Dayton,exp
06473,North Haven,exp
06510,North Haven,exp
06511,North Haven,exp
06512,North Haven,exp
06513,North Haven,exp
06514,North Haven,exp
06515,North Haven,exp
06516,North Haven,exp
06517,North Haven,exp
06518,North Haven,exp
06519,North Haven,exp
90001,Los Angeles,exp
90002,Los Angeles,exp
90003,Los Angeles,exp
90004,Los Angeles,exp
90005,Los Angeles,exp
90006,Los Angeles,exp
90007,Los Angeles,exp
90008,Los Angeles,exp
90010,Los Angeles,exp
90011,Los Angeles,exp
90012,Los Angeles,exp
90013,Los Angeles,exp
90014,Los Angeles,exp
90015,Los Angeles,exp
90016,Los Angeles,exp
90017,Los Angeles,exp
90018,Los Angeles,exp
90019,Los Angeles,exp
90020,Los Angeles,exp
90021,Los Angeles,exp
90022,Los Angeles,exp
90023,Los Angeles,exp
90024,Los Angeles,exp
90025,Los Angeles,exp
90026,Los Angeles,exp
90027,Los Angeles,exp
90028,Los Angeles,exp
90029,Los Angeles,exp
90031,Los Angeles,exp
90032,Los Angeles,exp
90033,Los Angeles,exp
90034,Los Angeles,exp
90035,Los Angeles,exp
90036,Los Angeles,exp
90037,Los Angeles,exp
90038,Los Angeles,exp
90039,Los Angeles,exp
90040,Los Angeles,exp
90041,Los Angeles,exp
90042,Los Angeles,exp
90043,Los Angeles,exp
90044,Los Angeles,exp
90045,Los Angeles,exp
90046,Los Angeles,exp
90047,Los Angeles,exp
90048,Los Angeles,exp
90049,Los Angeles,exp
90056,Los Angeles,exp
90057,Los Angeles,exp
90058,Los Angeles,exp
90059,Los Angeles,exp
90061,Los Angeles,exp
90062,Los Angeles,exp
90063,Los Angeles,exp
90064,Los Angeles,exp
90065,Los Angeles,exp
90066,Los Angeles,exp
90067,Los Angeles,exp
90068,Los Angeles,exp
90069,Los Angeles,exp
90071,Los Angeles,exp
90077,Los Angeles,exp
90089,Los Angeles,exp
90094,Los Angeles,exp
90095,Los Angeles,exp
90201,Los Angeles,exp
90210,Los Angeles,exp
90211,Los Angeles,exp
90212,Los Angeles,exp
90230,Los Angeles,exp
90232,Los Angeles,exp
90247,Los Angeles,exp
90248,Los Angeles,exp
90249,Los Angeles,exp
90250,Los Angeles,exp
90254,Los Angeles,exp
90260,Los Angeles,exp
90262,Los Angeles,exp
90266,Los Angeles,exp
90270,Los Angeles,exp
90274,Los Angeles,exp
90275,Los Angeles,exp
90277,Los Angeles,exp
90278,Los Angeles,exp
90280,Los Angeles,exp
90293,Los Angeles,exp
90301,Los Angeles,exp
90302,Los Angeles,exp
90303,Los Angeles,exp
90304,Los Angeles,exp
90305,Los Angeles,exp
90401,Los Angeles,exp
90402,Los Angeles,exp
90403,Los Angeles,exp
90404,Los Angeles,exp
90405,Los Angeles,exp
90501,Los Angeles,exp
90502,Los Angeles,exp
90503,Los Angeles,exp
90504,Los Angeles,exp
90505,Los Angeles,exp
90601,Los Angeles,exp
90602,Los Angeles,exp
90603,Los Angeles,exp
90604,Los Angeles,exp
90605,Los Angeles,exp
90606,Los Angeles,exp
90620,Los Angeles,exp
90621,Los Angeles,exp
90630,Los Angeles,exp
90640,Los Angeles,exp
90650,Los Angeles,exp
90660,Los Angeles,exp
90670,Los Angeles,exp
90680,Los Angeles,exp
90701,Los Angeles,exp
90703,Los Angeles,exp
90706,Los Angeles,exp
90710,Los Angeles,exp
90717,Los Angeles,exp
90723,Los Angeles,exp
90744,Los Angeles,exp
90745,Los Angeles,exp
90746,Los Angeles,exp
90805,Los Angeles,exp
90806,Los Angeles,exp
90807,Los Angeles,exp
90810,Los Angeles,exp
91001,Los Angeles,exp
91006,Los Angeles,exp
91007,Los Angeles,exp
91030,Los Angeles,exp
91101,Los Angeles,exp
91102,Los Angeles,exp
91103,Los Angeles,exp
91104,Los Angeles,exp
91105,Los Angeles,exp
91106,Los Angeles,exp
91107,Los Angeles,exp
91201,Los Angeles,exp
91202,Los Angeles,exp
91203,Los Angeles,exp
91204,Los Angeles,exp
91205,Los Angeles,exp
91206,Los Angeles,exp
91207,Los Angeles,exp
91304,Los Angeles,exp
91306,Los Angeles,exp
91311,Los Angeles,exp
91316,Los Angeles,exp
91324,Los Angeles,exp
91325,Los Angeles,exp
91326,Los Angeles,exp
91331,Los Angeles,exp
91340,Los Angeles,exp
91341,Los Angeles,exp
91343,Los Angeles,exp
91344,Los Angeles,exp
91345,Los Angeles,exp
91346,Los Angeles,exp
91352,Los Angeles,exp
91356,Los Angeles,exp
91364,Los Angeles,exp
91367,Los Angeles,exp
91401,Los Angeles,exp
91402,Los Angeles,exp
91403,Los Angeles,exp
91404,Los Angeles,exp
91405,Los Angeles,exp
91406,Los Angeles,exp
91407,Los Angeles,exp
91411,Los Angeles,exp
91423,Los Angeles,exp
91436,Los Angeles,exp
91501,Los Angeles,exp
91502,Los Angeles,exp
91503,Los Angeles,exp
91504,Los Angeles,exp
91505,Los Angeles,exp
91506,Los Angeles,exp
91601,Los Angeles,exp
91602,Los Angeles,exp
91603,Los Angeles,exp
91604,Los Angeles,exp
91605,Los Angeles,exp
91606,Los Angeles,exp
91607,Los Angeles,exp
91608,Los Angeles,exp
91702,Los Angeles,exp
91706,Los Angeles,exp
91722,Los Angeles,exp
91723,Los Angeles,exp
91724,Los Angeles,exp
91731,Los Angeles,exp
91732,Los Angeles,exp
91733,Los Angeles,exp
91744,Los Angeles,exp
91745,Los Angeles,exp
91746,Los Angeles,exp
91754,Los Angeles,exp
91770,Los Angeles,exp
91771,Los Angeles,exp
91772,Los Angeles,exp
91775,Los Angeles,exp
91776,Los Angeles,exp
91801,Los Angeles,exp
91802,Los Angeles,exp
91803,Los Angeles,exp
78002,San Antonio,exp
78039,San Antonio,exp
78054,San Antonio,exp
78069,San Antonio,exp
78073,San Antonio,exp
78101,San Antonio,exp
78109,San Antonio,exp
78112,San Antonio,exp
78148,San Antonio,exp
78152,San Antonio,exp
78154,San Antonio,exp
78201,San Antonio,exp
78202,San Antonio,exp
78203,San Antonio,exp
78204,San Antonio,exp
78205,San Antonio,exp
78206,San Antonio,exp
78207,San Antonio,exp
78208,San Antonio,exp
78209,San Antonio,exp
78210,San Antonio,exp
78211,San Antonio,exp
78212,San Antonio,exp
78213,San Antonio,exp
78214,San Antonio,exp
78215,San Antonio,exp
78216,San Antonio,exp
78217,San Antonio,exp
78218,San Antonio,exp
78219,San Antonio,exp
78220,San Antonio,exp
78221,San Antonio,exp
78222,San Antonio,exp
78223,San Antonio,exp
78224,San Antonio,exp
78225,San Antonio,exp
78226,San Antonio,exp
78227,San Antonio,exp
78228,San Antonio,exp
78229,San Antonio,exp
78230,San Antonio,exp
78231,San Antonio,exp
78232,San Antonio,exp
78233,San Antonio,exp
78234,San Antonio,exp
78235,San Antonio,exp
78236,San Antonio,exp
78237,San Antonio,exp
78238,San Antonio,exp
78239,San Antonio,exp
78240,San Antonio,exp
78241,San Antonio,exp
78242,San Antonio,exp
78243,San Antonio,exp
78244,San Antonio,exp
78245,San Antonio,exp
78246,San Antonio,exp
78247,San Antonio,exp
78248,San Antonio,exp
78249,San Antonio,exp
78250,San Antonio,exp
78251,San Antonio,exp
78252,San Antonio,exp
78253,San Antonio,exp
78254,San Antonio,exp
78256,San Antonio,exp
78257,San Antonio,exp
78258,San Antonio,exp
78259,San Antonio,exp
78263,San Antonio,exp
78264,San Antonio,exp
78265,San Antonio,exp
78268,San Antonio,exp
78269,San Antonio,exp
78270,San Antonio,exp
78278,San Antonio,exp
78279,San Antonio,exp
78280,San Antonio,exp
78283,San Antonio,exp
78284,San Antonio,exp
78285,San Antonio,exp
78288,San Antonio,exp
78289,San Antonio,exp
78291,San Antonio,exp
78292,San Antonio,exp
78293,San Antonio,exp
78294,San Antonio,exp
78295,San Antonio,exp
78296,San Antonio,exp
78297,San Antonio,exp
78298,San Antonio,exp
78299,San Antonio,exp
07001,Northern NJ,exp
07002,Northern NJ,exp
07003,Northern NJ,exp
07004,Northern NJ,exp
07005,Northern NJ,exp
07006,Northern NJ,exp
07007,Northern NJ,exp
07008,Northern NJ,exp
07009,Northern NJ,exp
07010,Northern NJ,exp
07011,Northern NJ,exp
07012,Northern NJ,exp
07013,Northern NJ,exp
07014,Northern NJ,exp
07015,Northern NJ,exp
07016,Northern NJ,exp
07017,Northern NJ,exp
07018,Northern NJ,exp
07019,Northern NJ,exp
07020,Northern NJ,exp
07021,Northern NJ,exp
07022,Northern NJ,exp
07023,Northern NJ,exp
07024,Northern NJ,exp
07027,Northern NJ,exp
07028,Northern NJ,exp
07029,Northern NJ,exp
07030,Northern NJ,exp
07031,Northern NJ,exp
07032,Northern NJ,exp
07033,Northern NJ,exp
07034,Northern NJ,exp
07035,Northern NJ,exp
07036,Northern NJ,exp
07039,Northern NJ,exp
07040,Northern NJ,exp
07041,Northern NJ,exp
07042,Northern NJ,exp
07043,Northern NJ,exp
07044,Northern NJ,exp
07045,Northern NJ,exp
07046,Northern NJ,exp
07047,Northern NJ,exp
07050,Northern NJ,exp
07051,Northern NJ,exp
07052,Northern NJ,exp
07054,Northern NJ,exp
07057,Northern NJ,exp
07058,Northern NJ,exp
07059,Northern NJ,exp
07060,Northern NJ,exp
07061,Northern NJ,exp
07062,Northern NJ,exp
07063,Northern NJ,exp
07064,Northern NJ,exp
07065,Northern NJ,exp
07066,Northern NJ,exp
07067,Northern NJ,exp
07068,Northern NJ,exp
07069,Northern NJ,exp
07070,Northern NJ,exp
07071,Northern NJ,exp
07072,Northern NJ,exp
07073,Northern NJ,exp
07074,Northern NJ,exp
07075,Northern NJ,exp
07076,Northern NJ,exp
07077,Northern NJ,exp
07078,Northern NJ,exp
07079,Northern NJ,exp
07080,Northern NJ,exp
07081,Northern NJ,exp
07082,Northern NJ,exp
07083,Northern NJ,exp
07086,Northern NJ,exp
07087,Northern NJ,exp
07088,Northern NJ,exp
07090,Northern NJ,exp
07091,Northern NJ,exp
07092,Northern NJ,exp
07093,Northern NJ,exp
07094,Northern NJ,exp
07095,Northern NJ,exp
07096,Northern NJ,exp
07097,Northern NJ,exp
07099,Northern NJ,exp
07101,Northern NJ,exp
07102,Northern NJ,exp
07103,Northern NJ,exp
07104,Northern NJ,exp
07105,Northern NJ,exp
07106,Northern NJ,exp
07107,Northern NJ,exp
07108,Northern NJ,exp
07109,Northern NJ,exp
07110,Northern NJ,exp
07111,Northern NJ,exp
07112,Northern NJ,exp
07114,Northern NJ,exp
07175,Northern NJ,exp
07201,Northern NJ,exp
07202,Northern NJ,exp
07203,Northern NJ,exp
07204,Northern NJ,exp
07205,Northern NJ,exp
07206,Northern NJ,exp
07207,Northern NJ,exp
07208,Northern NJ,exp
07302,Northern NJ,exp
07303,Northern NJ,exp
07304,Northern NJ,exp
07305,Northern NJ,exp
07306,Northern NJ,exp
07307,Northern NJ,exp
07308,Northern NJ,exp
07310,Northern NJ,exp
07311,Northern NJ,exp
07395,Northern NJ,exp
07399,Northern NJ,exp
07440,Northern NJ,exp
07444,Northern NJ,exp
07470,Northern NJ,exp
07474,Northern NJ,exp
07501,Northern NJ,exp
07502,Northern NJ,exp
07503,Northern NJ,exp
07505,Northern NJ,exp
07508,Northern NJ,exp
07509,Northern NJ,exp
07510,Northern NJ,exp
07512,Northern NJ,exp
07513,Northern NJ,exp
07522,Northern NJ,exp
07524,Northern NJ,exp
07538,Northern NJ,exp
07601,Northern NJ,exp
07602,Northern NJ,exp
07603,Northern NJ,exp
07604,Northern NJ,exp
07605,Northern NJ,exp
07606,Northern NJ,exp
07608,Northern NJ,exp
07631,Northern NJ,exp
07632,Northern NJ,exp
07643,Northern NJ,exp
07644,Northern NJ,exp
07650,Northern NJ,exp
07657,Northern NJ,exp
07660,Northern NJ,exp
07666,Northern NJ,exp
07699,Northern NJ,exp
07721,Northern NJ,exp
07734,Northern NJ,exp
07735,Northern NJ,exp
07834,Northern NJ,exp
07901,Northern NJ,exp
07902,Northern NJ,exp
07920,Northern NJ,exp
07922,Northern NJ,exp
07924,Northern NJ,exp
07927,Northern NJ,exp
07928,Northern NJ,exp
07932,Northern NJ,exp
07933,Northern NJ,exp
07935,Northern NJ,exp
07936,Northern NJ,exp
07939,Northern NJ,exp
07940,Northern NJ,exp
07946,Northern NJ,exp
07950,Northern NJ,exp
07960,Northern NJ,exp
07961,Northern NJ,exp
07963,Northern NJ,exp
07974,Northern NJ,exp
07976,Northern NJ,exp
07980,Northern NJ,exp
07981,Northern NJ,exp
08619,Northern NJ,exp
08812,Northern NJ,exp
08817,Northern NJ,exp
08820,Northern NJ,exp
08830,Northern NJ,exp
08832,Northern NJ,exp
08837,Northern NJ,exp
08840,Northern NJ,exp
08846,Northern NJ,exp
08854,Northern NJ,exp
08859,Northern NJ,exp
08861,Northern NJ,exp
08863,Northern NJ,exp
08872,Northern NJ,exp
08879,Northern NJ,exp
08899,Northern NJ,exp
40010,Louisville,exp
40014,Louisville,exp
40018,Louisville,exp
40023,Louisville,exp
40025,Louisville,exp
40026,Louisville,exp
40027,Louisville,exp
40031,Louisville,exp
40032,Louisville,exp
40041,Louisville,exp
40047,Louisville,exp
40056,Louisville,exp
40059,Louisville,exp
40077,Louisville,exp
40109,Louisville,exp
40118,Louisville,exp
40129,Louisville,exp
40165,Louisville,exp
40166,Louisville,exp
40177,Louisville,exp
40201,Louisville,exp
40202,Louisville,exp
40203,Louisville,exp
40204,Louisville,exp
40205,Louisville,exp
40206,Louisville,exp
40207,Louisville,exp
40208,Louisville,exp
40209,Louisville,exp
40210,Louisville,exp
40211,Louisville,exp
40212,Louisville,exp
40213,Louisville,exp
40214,Louisville,exp
40215,Louisville,exp
40216,Louisville,exp
40217,Louisville,exp
40218,Louisville,exp
40219,Louisville,exp
40220,Louisville,exp
40221,Louisville,exp
40222,Louisville,exp
40223,Louisville,exp
40224,Louisville,exp
40225,Louisville,exp
40228,Louisville,exp
40229,Louisville,exp
40231,Louisville,exp
40232,Louisville,exp
40233,Louisville,exp
40241,Louisville,exp
40242,Louisville,exp
40243,Louisville,exp
40245,Louisville,exp
40250,Louisville,exp
40251,Louisville,exp
40252,Louisville,exp
40253,Louisville,exp
40255,Louisville,exp
40256,Louisville,exp
40257,Louisville,exp
40258,Louisville,exp
40259,Louisville,exp
40261,Louisville,exp
40266,Louisville,exp
40268,Louisville,exp
40269,Louisville,exp
40270,Louisville,exp
40272,Louisville,exp
40280,Louisville,exp
40281,Louisville,exp
40282,Louisville,exp
40283,Louisville,exp
40285,Louisville,exp
40287,Louisville,exp
40289,Louisville,exp
40290,Louisville,exp
40291,Louisville,exp
40292,Louisville,exp
40293,Louisville,exp
40294,Louisville,exp
40295,Louisville,exp
40296,Louisville,exp
40297,Louisville,exp
40298,Louisville,exp
40299,Louisville,exp
62002,St. Louis,exp
62024,St. Louis,exp
62025,St. Louis,exp
62026,St. Louis,exp
62034,St. Louis,exp
62040,St. Louis,exp
62048,St. Louis,exp
62059,St. Louis,exp
62060,St. Louis,exp
62062,St. Louis,exp
62071,St. Louis,exp
62084,St. Louis,exp
62087,St. Louis,exp
62090,St. Louis,exp
62095,St. Louis,exp
62201,St. Louis,exp
62202,St. Louis,exp
62203,St. Louis,exp
62204,St. Louis,exp
62205,St. Louis,exp
62206,St. Louis,exp
62207,St. Louis,exp
62208,St. Louis,exp
62220,St. Louis,exp
62221,St. Louis,exp
62222,St. Louis,exp
62223,St. Louis,exp
62226,St. Louis,exp
62232,St. Louis,exp
62234,St. Louis,exp
62236,St. Louis,exp
62239,St. Louis,exp
62240,St. Louis,exp
62260,St. Louis,exp
62269,St. Louis,exp
62285,St. Louis,exp
37501,Memphis,exp
37544,Memphis,exp
38016,Memphis,exp
38017,Memphis,exp
38018,Memphis,exp
38027,Memphis,exp
38028,Memphis,exp
38029,Memphis,exp
38083,Memphis,exp
38088,Memphis,exp
38101,Memphis,exp
38103,Memphis,exp
38104,Memphis,exp
38105,Memphis,exp
38106,Memphis,exp
38107,Memphis,exp
38108,Memphis,exp
38109,Memphis,exp
38111,Memphis,exp
38112,Memphis,exp
38113,Memphis,exp
38114,Memphis,exp
38115,Memphis,exp
38116,Memphis,exp
38117,Memphis,exp
38118,Memphis,exp
38119,Memphis,exp
38120,Memphis,exp
38122,Memphis,exp
38124,Memphis,exp
38125,Memphis,exp
38126,Memphis,exp
38128,Memphis,exp
38130,Memphis,exp
38131,Memphis,exp
38132,Memphis,exp
38133,Memphis,exp
38134,Memphis,exp
38135,Memphis,exp
38136,Memphis,exp
38137,Memphis,exp
38138,Memphis,exp
38139,Memphis,exp
38141,Memphis,exp
38145,Memphis,exp
38148,Memphis,exp
38150,Memphis,exp
38151,Memphis,exp
38152,Memphis,exp
38157,Memphis,exp
38159,Memphis,exp
38161,Memphis,exp
38163,Memphis,exp
38166,Memphis,exp
38167,Memphis,exp
38168,Memphis,exp
38173,Memphis,exp
38174,Memphis,exp
38175,Memphis,exp
38177,Memphis,exp
38181,Memphis,exp
38182,Memphis,exp
38183,Memphis,exp
38184,Memphis,exp
38186,Memphis,exp
38187,Memphis,exp
38188,Memphis,exp
38190,Memphis,exp
38193,Memphis,exp
38194,Memphis,exp
38197,Memphis,exp
41101,Huntington,exp
41102,Huntington,exp
41105,Huntington,exp
41114,Huntington,exp
41121,Huntington,exp
41129,Huntington,exp
41139,Huntington,exp
41168,Huntington,exp
41169,Huntington,exp
41183,Huntington,exp
45619,Huntington,exp
45623,Huntington,exp
45638,Huntington,exp
45645,Huntington,exp
45659,Huntington,exp
45669,Huntington,exp
45675,Huntington,exp
45678,Huntington,exp
45680,Huntington,exp
45696,Huntington,exp
20374,Washington DC,exp
20376,Washington DC,exp
20388,Washington DC,exp
20391,Washington DC,exp
20398,Washington DC,exp